epoch,deterministic,refineSampling
1,118.73878587045292,71.44743421291739
2,313.4586222549177,280.8977646261827
3,442.510074206098,411.2854206069957
4,332.3694417139291,231.8890727069324
5,294.0829183770484,282.13032217788697
6,326.6231435084668,321.30408544462176
7,285.14812209502907,270.0370057756608
8,319.67302874763004,244.9654584752271
9,301.6083595367133,291.2102942837894
10,330.8009664143312,312.8260979212678
11,325.28841793030955,445.2063591595531
12,448.6716639628554,309.64514403580205
13,375.724996462218,351.1935704605429
14,325.1299937392208,357.1436464719852
15,316.532896624028,269.727259841961
16,344.12573638539214,400.0759120883265
17,360.8203235173616,416.9799312423361
18,451.2586453601175,411.0234460700812
19,488.9277514166548,347.0661661139813
20,468.65630224695616,409.00158737456974
21,442.49259054342,484.2191858611959
22,561.5673919439892,429.4253298620785
23,483.4588868159868,393.12169067447405
24,515.4391997732655,343.25019415800404
25,473.87352046158986,401.2960694662576
26,529.2051174225337,410.0717529688831
27,523.877417441334,382.6266262407645
28,518.8301831694076,378.7328924031521
29,433.1970653888562,329.05163778017663
30,506.54366957426765,394.4039111958922
31,583.4149104669089,513.5225962603866
32,600.7597475956392,465.2490202937012
33,666.3495578015887,537.497678422365
34,636.511982176509,470.2112756091384
35,548.8194783244362,469.1029484449581
36,584.6825976865936,434.73543279090825
37,470.7669059673232,429.8777993972452
38,516.5142370170751,423.77113883757846
39,454.5567268142878,570.5266733161872
40,399.081671786708,390.3099436723136
41,568.1006517444279,488.8337682560325
42,447.925998592137,479.2076373535435
43,498.93462840165256,510.1000248164146
44,614.2689922183523,503.2974977888501
45,555.0463586225231,526.787610489298
46,522.3801752443975,457.9968202446976
47,582.2585190708656,416.2267647102167
48,591.9554572565864,507.2235991449139
49,629.6350609375705,480.3971418466923
50,621.0326431559512,484.9644684098366
51,512.6022993700506,437.27902690701694
52,576.4580772296748,432.2744021773729
53,562.5902138069343,527.2507984286991
54,496.1875455768798,494.057012458988
55,561.4008002236498,545.1260545702457
56,593.7220035657467,560.7796909095603
57,617.9439295143272,562.8433431486371
58,589.8193089303329,468.5114501228022
59,550.8783856909156,574.9757109371966
60,471.0614565303266,448.89229123366414
61,653.28551152286,567.0416050808616
62,600.2602672289604,569.6216405237403
63,573.7484219025729,605.1926965450891
64,554.3509237781578,529.0801202313098
65,734.6654071204109,450.6218358669967
66,590.2343344920362,469.4929460513157
67,687.978968868187,614.5530053257962
68,532.5479337866042,553.3532622435038
69,545.2797902034179,472.129992112426
70,488.6051296671949,528.7806627206946
71,561.2201877043389,622.5751529494694
72,602.8733953276553,573.0239225486159
73,540.4979654742028,617.0906002669682
74,582.8647069167796,426.2696172636132
75,543.0034241064234,527.6156396911146
76,542.0942449537406,492.3329666088815
77,554.7862664343318,529.3233607410059
78,615.2314977239189,634.6981091635116
79,585.2232352589447,413.816101505354
80,564.2240037295302,645.8861218136069
81,640.2471599938895,573.5047821617886
82,582.5025214660566,577.4426520863668
83,627.5740443403504,604.6413976579247
84,508.4938697362313,580.468648768432
85,546.1006538320539,588.2075502157932
86,656.9354220020771,506.4883659392068
87,663.6141717599844,572.123843354733
88,627.8997950116864,655.008413562524
89,485.4138355794318,514.6275209910955
90,513.4814593603734,592.2687903541095
91,674.3797238911163,448.2360141295984
92,586.221842150815,646.8670892596158
93,675.4694048750795,512.6645558899374
94,602.8981030471916,498.8984610157008
95,779.3369481064262,557.1219748124491
96,606.0861259460214,542.8893448477023
97,638.8966841367977,445.9818204490478
98,624.0683272350502,561.2308156288082
99,652.9039528561412,445.1525191460931
100,592.9834424570561,593.3520039031035
101,655.146339384679,545.4947044036882
102,593.6274254750792,766.6684815856224
103,580.689986354625,594.8792857250876
104,639.3154235147316,568.6817453943291
105,579.2196664193651,568.2016715582635
106,570.8502289584065,538.1190870175305
107,657.642700119407,767.5564397136743
108,536.0271169210212,636.3803264642172
109,552.6280689703598,581.0906554344284
110,586.4435028210864,587.3317416031753
111,588.8393924021565,564.4242367346818
112,512.3896942807761,633.317113289328
113,601.5696869532377,646.2673713350108
114,539.5858507965474,571.8152963102241
115,596.611636624816,587.781214537674
116,623.3992785365351,666.7100831018515
117,549.1048630367516,671.942235784433
118,637.9383853121526,798.6610947525842
119,542.1526487967237,598.1842566740106
120,627.909930691748,838.4017749935999
121,546.4619520310135,705.3032591487691
122,633.6387031728266,577.1364644489903
123,606.928466863471,718.2431077106629
124,542.5017274134175,532.9986641106891
125,706.6386323325024,651.2361172642701
126,536.0356573645886,619.8282968881357
127,563.8183941413497,533.8664623031837
128,573.9029610612088,619.2363215565318
129,693.2896213668189,774.749110581163
130,620.4622820788716,787.0195239151604
131,703.1833911253827,890.8211734886978
132,589.315389420189,616.9265826045905
133,619.9845752003678,635.4832772724455
134,697.4944989835453,745.3388788048294
135,629.4854445833814,752.2096949882609
136,821.398954938649,587.5772593924673
137,587.9569734801829,732.2906384184269
138,631.6760079833098,646.3453765178983
139,599.0645639135419,658.3537751348158
140,623.7090807193415,868.0297054838568
141,697.9089508643892,824.9656366691985
142,610.3935255927764,713.0457193271112
143,554.2121145215255,723.1828900298586
144,590.1838227216177,594.5278065064468
145,617.5402129213314,898.3141410417854
146,608.7686984090162,695.1919886624227
147,670.9965182987522,779.7062439510188
148,584.902827019225,671.5875045663794
149,587.3158777172323,658.7314634420167
150,683.636313276126,704.5453320054911
151,514.014502979931,576.3591760612558
152,632.8392645260217,604.4763415574615
153,687.7986365346256,716.2596686784284
154,644.6563282299077,859.9989164286415
155,560.3959996716578,591.1341259214815
156,594.1503704489371,703.7163000684693
157,616.2454662070581,654.8243506764783
158,640.3714498529911,630.6354985542523
159,608.6068881319767,862.2708129445231
160,519.8466858334174,741.7698813615826
161,646.1456645800915,681.8845625589372
162,677.9683310389132,633.3923206311954
163,720.3525675333375,730.67942479891
164,578.6567600903553,822.9763294415585
165,644.8044772657128,679.753619056463
166,639.5641573265266,675.6389635391254
167,479.3429509639935,814.9025543130356
168,472.0007815002058,678.2232660248567
169,461.226301586484,687.0491601041107
170,436.934035907099,659.3126080564388
171,645.4689732028907,727.9007375656781
172,653.5619876654769,991.0737112429556
173,476.3422605557037,800.6327157885701
174,653.0800286735633,622.5360294614517
175,989.2459701088094,921.323435068482
176,851.956298858998,845.5738903880285
177,663.7193151780332,688.9201233822897
178,446.1670632508394,543.3122794166975
179,549.8422917841724,630.2838823815067
180,627.3878477282584,596.5961093545636
181,806.0774879911617,713.2613424346052
182,728.4426668438925,563.7132254280762
183,725.9142200389945,891.0970195424728
184,711.68270452011,780.5621644885784
185,546.8165000769698,705.7009911631745
186,648.7709824959724,1012.678551640715
187,849.7738923830454,857.8325784429078
188,707.6755735313109,895.6143371739872
189,683.0897365917829,862.4509881564593
190,580.9133623876749,896.2270609896157
191,696.3601488645418,844.278350005655
192,810.4972490488434,748.5573557081968
193,555.2805313060884,800.9325912420876
194,591.8746208726051,1113.5587732985637
195,605.9611946512241,953.6350094127008
196,575.5169847933591,798.1887459492573
197,589.6922635343874,820.7458984207233
198,555.8675401186254,301.6673328416908
199,577.1473337685827,437.12929246700185
200,357.4890679480494,329.2501279811214
201,340.1159492505738,333.58646322080955
202,211.5592801022552,203.0335747282098
203,290.54680331548604,305.41624014971273
204,366.3552606615689,450.6079204621691
205,415.0147266708117,388.6793584405652
206,592.3255180147455,415.32004361365887
207,436.09497682314696,344.58085422281283
208,510.9539667114696,282.05734109827137
209,415.8203039062552,347.6067429624627
210,249.70452647349936,271.4397662499844
211,257.6966416637815,289.3830050223254
212,411.7817913771341,289.4421913138998
213,650.6345917308632,603.9278463234986
214,515.5343496682949,477.2764399029164
215,535.9061578610471,592.3282456912268
216,581.2092980906576,525.4887916935379
217,574.9755073332151,877.3370997821082
218,454.0605809329451,856.5473858566875
219,720.8138945616504,680.8207143046121
220,530.3026823258818,699.6518931127698
221,628.5478552586778,1272.038832892357
222,567.4564684765544,893.8784789472232
223,547.8357977201694,787.1397089641293
224,690.0537770407204,628.5814734083042
225,661.5065954685379,722.6937676971604
226,843.4184807726986,928.6289855343364
227,852.5152847973159,679.606777301741
228,774.9051835521224,780.826107680497
229,746.9038805566556,775.3421294130699
230,493.6060741784953,656.2496466429616
231,531.1819632422288,481.6333224917438
232,925.2768469134936,1190.5301894437855
233,592.0246904919975,966.0277751825524
234,701.9403765474927,1199.5072390653197
235,991.4258791871836,809.4745250296452
236,839.74204798071,819.2374261040926
237,1355.021926853647,1206.5374553693146
238,946.1209378378204,849.2185330135222
239,1282.3055893250962,915.4679447712522
240,696.9245174796399,985.1273305973344
241,794.6760779869549,932.635656858449
242,644.2330050544867,1179.7771958181645
243,823.9153914011295,803.6582135838032
244,1010.9352247074072,835.0579489017164
245,939.041717687367,1049.0105069890722
246,711.0887319158583,981.1917171953194
247,886.6165922562295,1026.2637639971472
248,791.2657231831921,920.2546268133708
249,1186.5303847110276,882.6109490459169
250,543.8892153968533,1412.4216576907634
251,1333.4385549393637,821.2045089554094
252,638.4118634008726,951.4018622403124
253,1035.830830185727,1280.4115189138386
254,805.1714401570155,1026.868199028308
255,839.4026942615039,1471.4423411678688
256,1938.866846236231,3095.450911042587
257,1279.417825208549,1954.8895214659144
258,2660.5757217046403,3653.577635631341
259,536.3354322981546,1838.1064696270755
260,747.424154645784,1529.9268469742167
261,1148.123835921195,1096.8244334946498
262,1687.4053369820067,1816.6941793613
263,1134.504848423918,2581.165427933777
264,2041.3085434436105,1377.0181231682725
265,1618.338425398206,2210.965438417405
266,629.0757559475911,1447.1979125025673
267,1289.942763553467,2266.990504717064
268,842.1686019186782,1262.041263972757
269,1170.0962941709506,1552.0365923742015
270,1264.1624334135429,1138.2282768367977
271,1345.2891652049443,1536.5647458656024
272,1433.14300124578,1810.1341389306308
273,832.2121802340855,2378.5440258880785
274,670.3591180328623,1460.2227087615986
275,3041.1034590008703,1773.6322817392152
276,2037.1105417237632,1405.2749917179424
277,3146.7757837927284,1590.7584688008778
278,802.4800013699281,2484.3828784118364
279,962.756319612582,1621.658175520546
280,3097.932815699837,1995.1712879873128
281,2667.1733282795744,1300.1211111311818
282,925.864182931684,1566.5391905081906
283,3285.1339872651106,1369.2798434278357
284,4743.860155780493,1056.4877161621714
285,4457.042569764485,2274.02982456105
286,2179.513387503407,1532.4976605630595
287,975.2257595409636,2567.3802884407537
288,2732.8527483968,1996.3879659707773
289,4527.1469159096105,1639.4789049798817
290,4366.610112328939,1131.802648964922
291,4716.555989890548,3414.640603855826
292,1186.7894302719403,1478.0240864336006
293,3649.0231666532,2822.06788215244
294,1118.4598565997562,1246.5901966257702
295,1700.4244367200372,1291.9895109483873
296,2240.287608119665,1342.4826804527906
297,1487.303278899869,924.6520094672828
298,1475.430144515502,1079.231533853574
299,2204.828237072856,1358.9584787797469
300,3597.299938185712,1528.0793084014913
301,4194.881024705996,1567.134138783745
302,2648.6844198930294,1026.3786144425317
303,3268.57746472053,1589.784968057388
304,3121.1160618710446,724.7002878762453
305,1918.141278055924,1457.216626406674
306,4357.784001960895,2092.6827613047462
307,3434.1007483216526,3738.679332095419
308,1887.6129757463923,3327.797519574657
309,3190.7523707848964,2815.1262853968883
310,3541.8241924256536,1431.45003258904
311,2141.3412948386963,3311.8496546036768
312,2092.58359102584,2762.1746881003064
313,2062.7241612889634,1703.0185716194014
314,3092.322888800636,1133.1213166818832
315,3987.1657298610903,492.7038728121229
316,4022.2718687869447,3401.8512490604558
317,1598.3496742836123,3114.951907339773
318,1908.012918581064,1072.3585144339806
319,3532.1941145477203,1998.8020247281115
320,3472.2668547951776,1283.4683126505029
321,3253.0555146451725,2333.3692482701417
322,4312.014018822257,2911.277388882868
323,1028.3472601016165,3506.7051090317605
324,4038.395317832832,2579.9762495745567
325,3389.6684502742005,3657.348213738399
326,3149.1831475076697,3493.4760122196144
327,2536.959220576061,3420.6948972166574
328,1202.173383727939,1238.1212070396814
329,2009.3033841877195,1740.7570209603698
330,1465.8259946245355,1595.8407962372462
331,4228.283731715095,2651.844311672299
332,1988.0256293842624,4381.882656487221
333,1103.4213824834806,2187.7808797701905
334,4402.22077119382,2021.835013532939
335,3074.4856635098595,2936.870030050279
336,2678.3927902395385,2009.8681021911627
337,1892.368790307572,4756.179236002012
338,4522.452460636117,4878.888593700542
339,2350.786328743252,3366.953727308968
340,2644.552539629188,4849.758201786281
341,3667.733593491407,3110.22112258916
342,1371.395515142363,3768.306945943829
343,2348.622354497661,4025.079616564224
344,4881.564109576096,3564.0344969532557
345,2717.336120636924,4123.276844517151
346,1529.7748127498242,3204.7309627466034
347,953.1109380923926,3998.2799516124433
348,2254.9068576355658,1979.778233875116
349,1994.6545588223464,3779.6105109889527
350,4761.725708668574,4010.1085997119862
351,2319.4978519609717,2722.253806221117
352,2306.8032469705117,3837.378096967463
353,1772.1360244006428,2754.1780729534776
354,4259.174373979282,2586.490018917729
355,3287.539706502218,3450.3998959333485
356,2884.820597954943,546.5278414581975
357,1690.738168111939,1827.612372207749
358,3901.372109122257,788.0270099192664
359,1797.4235181395518,2070.151968268518
360,2483.9713259810824,3311.3382167943755
361,3460.9450121483706,3038.5960354099084
362,1280.2521449640076,3810.410669940416
363,3141.722123085504,4401.013720668465
364,4872.326719059207,2887.3514889515477
365,2152.666941002106,2485.8339929449567
366,3368.052538800868,2325.32059891491
367,1760.2332296357963,3911.384379035246
368,3124.982382909633,4515.932602987659
369,4291.9893410520735,3528.4224366841822
370,4491.348773262385,2185.944132873884
371,3529.56709799728,2293.1355575896005
372,3842.870645267924,2065.8755031772644
373,3146.8949872544185,2950.9829626983305
374,3046.557688104054,3985.823766934428
375,4438.306414944548,4537.014731383793
376,3489.9144136653413,5108.575288506505
377,1115.9212871022232,2343.218637084464
378,1933.429800618072,5127.624504153917
379,3467.4071898676098,3773.763801834666
380,960.764822427281,3573.4995892064726
381,3095.792921544212,3647.963609650713
382,2426.674266845405,1481.483698881941
383,2611.2842287322965,2076.0708928747163
384,2715.0163296157493,3801.752893691323
385,2265.40443020657,4047.46679789928
386,2679.1027742627075,3087.0153576344487
387,1799.6874998155774,3937.352888579601
388,1557.4672245696056,3301.5122233833063
389,4083.705200668589,3650.100929512156
390,1441.9118392213124,5152.703260726833
391,3057.3708659393105,3726.366095148044
392,1455.5595457039694,2868.303193120997
393,3245.6992568358496,3056.02559380989
394,5309.190357157355,4314.2712708285
395,1542.9339596419672,3346.3831255030373
396,2845.05029043202,3637.2632798759646
397,2271.1311187049114,3780.007242490553
398,988.2353422597942,2117.561554993445
399,2077.064781982603,2845.4722990069736
400,2367.447365902501,5072.955926945903
401,2314.535680818734,2286.307373137602
402,2235.739961310668,4223.341967472894
403,1886.6088552546755,3171.559067907348
404,2018.685142087808,2568.281055231556
405,1593.157329406832,3115.520962128977
406,1103.4150873342646,3642.424892307334
407,3158.6322537479664,3687.935362925115
408,1132.9820576282573,2745.4578728348483
409,1225.7685120066649,4513.088311735499
410,1937.9844864995523,3715.727962256812
411,1692.9633457076156,3976.851314256516
412,2144.7941884158117,3147.6010831101084
413,2762.4219344581325,3855.899041060288
414,1778.6914580560376,3436.42792335912
415,2755.6349148736504,3666.4421834150153
416,978.0441709075096,3437.973426638576
417,1452.7521243598335,4713.738272643833
418,2147.390371321463,4224.06197821134
419,3855.457150396402,2622.34261745622
420,1877.0040709221369,2742.9922348849127
421,1467.1567766067644,4692.852137275441
422,2116.5652514159774,1793.9113070520111
423,1332.977848458858,4287.840327012382
424,774.6311354036163,3286.167420148498
425,1733.4655252422374,4556.731310448509
426,1272.1315294796436,4328.348779075341
427,2052.1488431405114,3687.1893135759447
428,1801.4613761822136,1883.6897931489657
429,3663.935555184684,2694.394120696447
430,1566.88732964076,4132.9812881415055
431,2030.9026811481692,2502.871450291568
432,2405.018407171988,2815.893594560583
433,1890.756780674053,997.6473159602276
434,1662.5290371739648,2724.6303636392045
435,1029.5714863636308,2905.9146088412654
436,1167.173470013427,3134.416805404372
437,959.164911755324,3360.8691025175567
438,1352.4090835292686,3004.4087192675543
439,1955.5924120871653,4376.020536069549
440,1445.333244959798,2947.211825683028
441,1643.076204042192,3765.040877275863
442,1853.6905406780843,2894.164187478628
443,1279.153092826993,1300.6161025823258
444,2666.726986697886,1509.1538738068923
445,1903.5588681748045,3668.6042812944497
446,3205.6362479039453,3893.409720580024
447,2976.8843768299016,3887.101324653265
448,1402.886925304352,5236.255267577552
449,3191.5695336905783,4068.461806400673
450,994.1080748753544,4007.825656973488
451,2740.920720391004,3224.6633834956115
452,907.3808586712556,4757.907406763292
453,2463.488796749792,4214.248688142022
454,857.143635411773,3225.907480848381
455,1756.0055193075416,2765.5622114920343
456,1905.6547057106811,4798.781697831649
457,3977.611747576774,4598.201361984683
458,1323.9142286397423,3035.267418094208
459,2373.686707293949,3941.1209982701575
460,1499.758932057597,4491.931233204451
461,1762.871791958655,3653.2144318420033
462,2853.5722736026773,4338.510771996634
463,1456.9059343905242,4663.193244851567
464,905.9157197531716,4883.186298564085
465,1237.9635437617533,4109.343722454365
466,1602.1846425737172,4961.975846208602
467,2761.384222933143,4491.392068487688
468,2488.669073151335,3681.308689468104
469,1062.725060732757,5072.59004023309
470,881.600425712251,3672.661054580498
471,3462.2667592973075,2889.5678924812933
472,4517.598295646098,3867.729742525965
473,1614.3807291524408,4099.593465270108
474,1818.569300988236,2302.653185482692
475,864.9546242053908,3466.919272295508
476,861.2271385289712,4868.257879832719
477,873.6649447387863,4414.8277797966375
478,3389.505772216361,4829.253183707983
479,1162.08374760238,3363.611219717517
480,1875.952438218325,4295.354834780027
481,1022.7042154826224,3320.878335533855
482,1738.337363393041,4744.726044862075
483,1902.7110853107145,3095.027628258505
484,1179.490251698021,3280.365107593638
485,712.4123998836924,3938.4586152066377
486,2694.2171113085706,3472.680418056967
487,3242.2804411016195,3919.309063004567
488,3018.4066027357967,4537.701785898877
489,2503.338423398848,2334.8275071379767
490,2324.329238026426,3734.3873437247375
491,2860.8958348225246,3769.6061256779662
492,2352.142998592807,3410.737776204339
493,2396.1322355037723,4490.405991667924
494,2168.913139446654,4960.450745788337
495,2452.300918853489,4717.38936279974
496,1621.176076616889,2870.623446167789
497,957.4811088875562,4455.387761665974
498,747.6224927957409,2866.014163397299
499,2127.7750188541218,3752.9969456764943
500,1213.7496692065497,4699.833754980177
501,1697.798915258428,4146.686221949973
502,1503.9961547420469,4193.147798632516
503,1106.2281356682029,3082.786559842312
504,3063.1054452311,2446.111418617114
505,1573.3451861169062,3088.4142534636712
506,2393.969853518457,4516.715140391291
507,2160.187217893594,2912.5306680004423
508,1544.8061533857438,4860.127842339469
509,3906.73613258704,3675.8783520870666
510,2818.8976661697966,4449.308658347272
511,3105.4064466042323,4830.232614116991
512,3019.208879506569,5048.234818079555
513,2086.5709736589915,2974.6846569698378
514,2971.3832265666742,4901.341605183534
515,2690.922445225985,4557.232832306366
516,1377.0404276598117,4821.404940590315
517,2586.397736022623,5227.641241070553
518,3962.160121822829,4812.9383792023
519,558.3830095629082,5095.894461688998
520,1829.3491280350493,5002.8922645626935
521,1871.789236769174,4196.3861024987
522,1128.6792278530058,5031.987043850979
523,1211.7519768550403,4175.624799124656
524,3047.033395687264,4797.786649365596
525,4810.350327016652,4782.699311167375
526,4405.249981531743,4728.0732495869615
527,3341.3482976359965,4971.688040157927
528,902.1600854940484,4235.640540625368
529,1525.739748627992,3975.388128366156
530,1653.552287126698,4772.186848016623
531,3656.277366244173,5129.031490793724
532,4883.706834736057,4488.253663240268
533,2683.995985194789,4956.471418773247
534,1664.082094222938,3110.399634362428
535,1110.0338780578652,4603.901236125186
536,3486.9075600975148,4218.660728916887
537,1231.5036980654163,2087.7036146593614
538,2795.7263327301,4824.203854356502
539,1829.717639193748,4888.580551353599
540,4913.976574932034,4912.16799280903
541,2189.0611585512856,3749.920879378177
542,2433.246466697892,4743.476775799581
543,1458.7948789691218,5156.846006554567
544,2541.1631294904632,4446.130469002847
545,3583.416808245238,5053.305361710749
546,1220.9992329179229,4889.232159468224
547,1526.835700747144,5215.42387198423
548,2347.44731284648,5180.615876086141
549,4443.420064521879,3243.8524804309222
550,1324.77703088932,4546.8890401952285
551,2142.6504107688515,5091.160231459253
552,3444.061509893478,4690.322825959637
553,3989.933236884349,2323.933859144135
554,1485.078803605752,5181.597916012278
555,2792.776476071308,4577.448971399181
556,2730.4544104654333,4909.488449933716
557,2339.703191029471,4983.164035329448
558,3337.885274469251,5137.267291812941
559,2763.5969412928,4588.892784813444
560,2038.484301949043,4717.700675203131
561,3649.939803706172,3699.854311671215
562,1304.150301277699,4299.912628724463
563,2168.051002292592,5079.162552781662
564,2604.583963827024,4849.371180308586
565,3996.238273507625,4701.563710562344
566,4480.076707594459,3781.063924163176
567,4838.562249281851,4916.909016077186
568,2962.9303723580247,3913.254618113692
569,3219.690403617352,4864.470545013004
570,1405.289666210028,5018.255926378998
571,2218.259337683911,5095.886593140463
572,3657.549978106518,5151.32342336395
573,4436.166935570958,5038.153479062825
574,2780.1396746129067,4825.316515671953
575,1614.7903318593883,4347.026179728868
576,3608.148403882727,4515.238786528076
577,2858.646561031305,3252.5509023609275
578,1065.8915009716943,4841.332113819444
579,2068.82819894989,5164.888519298516
580,3904.407185600384,5130.206455284591
581,3717.759017071556,5168.911990701789
582,4264.682323850457,5227.720794981948
583,5271.305975016121,4784.97060321501
584,3730.743955429785,4899.342902687718
585,2559.919054803994,5142.201168644385
586,4994.159149139148,4775.869892116889
587,4191.64850170057,5209.28961110547
588,2683.857815764129,5225.5345917559935
589,1937.767458761483,4768.600958563654
590,4258.707415349713,4737.702622560431
591,1067.1857585392097,4024.819046825567
592,2475.8493231393977,5125.6569152548855
593,1523.261584370603,4532.511348359729
594,1306.9690924212966,5323.131106366369
595,2760.870402025686,4422.468511874509
596,4486.231086164187,3597.4448673397355
597,3112.938168314915,4446.862707420615
598,5313.139139667244,4084.705987999811
599,3342.968750068274,4293.263499019029
600,4465.888104226264,5039.102106396449
601,3728.644257230113,4892.819655935146
602,3479.34290396278,5212.608740576847
603,3908.970106503429,4139.533986169532
604,1264.8872286077826,5073.500853704689
605,965.9898441591016,3482.1691241100984
606,1245.914242592068,5154.826417183835
607,3378.351307832346,4860.117639310955
608,1893.2562576931148,2012.0648904030245
609,1536.64892212451,1469.551766321001
610,2186.4638018337564,607.0374627329611
611,2393.6705302090086,465.6705257157637
612,818.3797731017723,660.7337617477309
613,810.1998704565116,513.2981105064382
614,1158.4874783155078,926.639177406267
615,804.4737619123989,1084.3041389020602
616,735.8833558300314,652.7823000316755
617,921.2889988809987,539.5521557000536
618,819.1027778650865,743.1125863056114
619,644.7554746977636,518.5913380428252
620,1038.0177666866143,981.1264253377376
621,2003.6241105262236,1180.51586992905
622,1344.5778523688618,859.5036388530607
623,2826.214413866325,3775.2931452855673
624,1386.5803243294538,4068.389320561836
625,1494.3044517047354,4184.74033213175
626,1331.0592948820592,4998.509352028143
627,2453.371876094222,4307.858235604896
628,2944.5916219016485,4917.47283595468
629,2306.2663874462323,3671.9696678766704
630,1698.0104818997463,2503.8413402669867
631,1868.6427300021528,4938.0808700916405
632,3248.8791096824,3929.256394104292
633,1917.6104435083464,3722.8779889827993
634,2943.365211806926,4582.075021286539
635,2836.3309054982287,4440.632610454113
636,2138.266247604826,5028.954829788359
637,2169.055527017835,5065.783593436338
638,3799.387421275557,4983.254211656653
639,1565.0705529783822,5145.239822173386
640,4141.016054692557,5120.871762349923
641,3179.600495080015,5070.854427198667
642,2551.4977720695056,4726.1015829364105
643,2638.239000358074,5172.237661929248
644,4795.681567673057,3982.674779279599
645,3121.264904457945,5267.07333672313
646,2428.7868695689363,5093.603912215735
647,1774.9950111157657,5230.537885470685
648,2901.6757852040178,4748.464717009409
649,3415.5588352074105,5263.4575014921365
650,3819.3399411026753,4104.298194753484
651,3806.387709519996,4440.443068526131
652,1941.0559821328948,4275.379979644459
653,1279.9833280407795,4640.395824663429
654,3377.780543631846,2584.5675363252853
655,2923.8269128578736,4788.528834290349
656,4893.128960648513,4036.7048379334256
657,4584.322049852942,5183.606220710116
658,4624.233443332965,5047.210670544099
659,1297.582653815547,5101.452718063174
660,3515.136419166606,5165.216093423811
661,4101.138692006027,5248.5519626075065
662,4310.795487190092,4468.892342795766
663,2709.4642756659428,5153.697897006422
664,2123.211227341893,4922.465579892532
665,5002.860205353948,4846.620090882265
666,3663.212113722555,4596.28555322705
667,4143.02662189688,4748.275827092426
668,2005.9268901995893,5080.7982410185705
669,4111.132225432218,5166.034107266056
670,2705.6877109131965,4931.195495467057
671,4916.473808440425,4619.494883522435
672,3981.546669852281,5156.737146142213
673,4189.119868775246,4803.180570558312
674,3179.88063816878,4301.131523132154
675,5278.798320189962,4918.807341170711
676,5355.539107806819,5142.749115704473
677,2038.3477960646155,5128.23554622994
678,5382.478879348605,5188.828094759867
679,3835.895555415637,4169.549395856112
680,1188.523801495106,4596.346031829285
681,3978.963692575407,4772.304304332153
682,3419.6175455547336,5208.526330713631
683,3300.260931615777,5315.485496035549
684,1895.8923778892508,5064.136942128676
685,3525.2492931437,3546.8391276589778
686,2267.5962898659086,3397.852758815045
687,2874.240995977566,4104.624635225404
688,2537.1339828243667,3386.79323619718
689,4400.065978772956,4251.778261402298
690,1624.337917622043,4625.067193427083
691,2646.906651265954,4866.397913134782
692,3288.6126964291007,4181.593388218977
693,3430.7388037181217,3805.4049439601176
694,3969.6933016564144,5162.777224100725
695,2769.630448226263,4988.273649240101
696,1202.6378795043893,4445.851171430692
697,3605.733112103663,5123.339207944263
698,2703.7161585044933,4771.674102094272
699,4821.208482063555,5199.769902851522
700,1911.990363796669,5088.549390463371
701,4510.91407733402,5193.693592285685
702,3837.9883040414215,4776.195695789239
703,2308.0601689886284,4352.877357434272
704,2654.924231616424,5247.778993131998
705,3250.513820334214,4304.577635221454
706,2134.007142098696,4894.930670313357
707,4794.30123983581,5059.990744213601
708,2552.094961487112,4879.414172994588
709,3042.564926746998,4761.723862984447
710,3461.202228903818,5151.306437129984
711,4162.008119925666,4657.454532748807
712,2442.79495958684,5261.619405857885
713,3960.453006618929,5162.910817358436
714,4724.97573729985,4637.379031143671
715,5254.5212450002045,5259.151694881754
716,1398.839011052042,5005.773036095369
717,2920.9802279053497,4701.699317470319
718,5003.153044276498,3509.5172756182637
719,1307.730268723028,5088.511864207651
720,2608.6312552007744,4282.4387842306605
721,3225.212359248221,5272.480672111109
722,2386.419598432371,5205.815192874474
723,2711.477131907801,5212.380256746321
724,2326.6141421133425,5292.381505870872
725,2020.9183573319456,5066.302553280706
726,3018.0382439241257,5225.283462679604
727,1009.1148099471098,4858.207122456224
728,3990.4183523807415,5290.001829973974
729,4066.2037648312335,5180.32539812875
730,1975.4921972456168,4662.072252766329
731,3696.690101833787,5245.216525412967
732,4885.160063311909,2677.0774677899294
733,2651.4508226358776,1921.300420993835
734,3416.388995108481,4768.5664504453125
735,4601.3672303639805,5245.041218255025
736,2213.488478634227,5039.785201582627
737,2971.849942911039,4882.415092587526
738,1487.6345554840768,5115.802571636591
739,2149.0557519215517,4495.590681340693
740,3777.408138579371,5150.384860060729
741,3224.614831250307,4944.173182122686
742,2052.57785637244,4480.1830802479935
743,2199.9255377728123,4243.222588917906
744,4389.758398947311,4997.045304554751
745,4383.910828752289,4157.575699429432
746,2089.0354302600454,5138.478691034488
747,3851.505186891323,4360.409079573441
748,3121.011703193903,4986.079057140075
749,3549.8750189598804,5142.451866129547
750,5367.2439473351815,5274.296150264628
751,3307.2791502447203,4896.295243346528
752,2393.981503546177,4662.883245801806
753,2194.80456302225,5253.038698560516
754,3463.3692511163517,5251.551659185657
755,3134.870923520334,5157.57210456736
756,1489.8179784189513,4732.923821729708
757,3249.6754783024794,4159.495669710779
758,2063.8360767468903,4438.822201093475
759,1893.0807782473692,4956.8031405216425
760,4051.682403178494,4805.784742008247
761,4494.945927256113,5098.263141351485
762,1767.5181974632592,5215.099850833958
763,2057.3086615839,4776.309683072946
764,2281.633868527916,4890.91626467301
765,1893.7652972268904,4050.072557957004
766,3652.427971843461,4669.618810407143
767,3363.655614859838,3949.5641179785184
768,3088.011252417438,4565.072788025906
769,5076.643708645665,5176.298741138924
770,1946.203441711613,3559.081619095517
771,3458.839252024884,2357.9490574646197
772,1213.4753459675053,2637.7294640294654
773,3426.073695613846,1841.4710244086232
774,3094.203190461411,3502.8848320994703
775,2972.430943941509,5074.246048911364
776,2865.4864051109826,4910.725722128844
777,3585.477353249559,5269.8033603237855
778,2943.552442320886,4658.111227578677
779,3600.8400531813777,4753.310338006872
780,3210.8347636845688,5204.999690827686
781,5226.848774487494,5351.836437019883
782,4386.838426314929,5132.436536764159
783,3448.0380863638907,5279.56369519961
784,5394.267573586791,4913.131044412347
785,5326.774831727049,5321.735656275215
786,3759.383289275915,4305.794252073603
787,5128.031014002777,5241.40265115133
788,2697.598964508944,5025.9138563376455
789,5331.806249648615,5026.626590894657
790,3510.057102621218,4312.5581416641535
791,4553.351016507802,3790.472576824262
792,4840.172394588464,3813.429182657301
793,3683.174980073025,5207.690486961926
794,4535.734891806178,4119.7304738737175
795,5367.366887562111,4923.14232656407
796,4747.290160720878,5223.45534634171
797,4628.255633953856,5204.39717197034
798,4884.107000350557,5242.371446434496
799,5325.029765423757,4759.932678228954
800,4092.780762473337,5219.356415878562
801,3834.247209928735,5230.983421447887
802,4994.169814899967,4820.924624698599
803,5281.580898176087,4915.568429014782
804,3822.8648223841774,5255.211232137312
805,4287.744062777621,5313.73124548274
806,2728.114150195478,5120.881495902089
807,2563.8325037682075,5200.190565295248
808,3363.444471796733,4739.008414531307
809,5407.147393091751,5403.538990378479
810,4258.674055256292,4457.588209110377
811,3934.884352481298,5306.635919927798
812,4189.574024367144,5325.454277271618
813,2166.728197324759,4832.381843384192
814,4540.8026337501415,5228.523447323469
815,4434.238679980295,5327.419740793432
816,4915.342672684102,5323.046088061912
817,5134.185861735285,5196.3193245930215
818,5007.7610603759085,4972.739531976505
819,4631.17606343001,5236.76963637741
820,5302.702645204496,5406.640250703461
821,3967.2557465571977,5114.14149974381
822,5226.8015359042565,4252.896371548814
823,4734.826904216252,5314.6668220494
824,5276.811136241337,5319.428262458382
825,4974.217076337603,5334.9765958955695
826,4610.8958044928895,5288.247959383632
827,5354.562661044185,5310.08716989982
828,5145.567944369524,5351.331506176304
829,5246.957287370025,5248.5675212619335
830,4990.789569003687,4963.042123190555
831,4465.682941928221,4969.991737527084
832,5317.487030904616,5299.53622208363
833,5248.877287983739,4555.034098675318
834,5056.662968359371,5336.573497610546
835,3491.1180277136227,5249.011777284532
836,3559.970483224736,5259.533438103205
837,5329.635276213064,5290.230093241811
838,4887.369723966126,4940.550485053916
839,4452.3600445109605,4994.018652257217
840,4794.626133080221,5243.790086506486
841,4604.04757239641,5195.077583253183
842,3951.114622185748,5015.91077042673
843,5039.392248953189,4908.194874097917
844,4966.670130741566,5303.300061191527
845,4510.484074037275,5333.0583845664405
846,3436.7046953815816,4530.920365418173
847,2129.201703809928,5317.728427405096
848,4735.539076537118,4968.103548491366
849,4518.020377932754,4516.161764770454
850,4420.820685132132,4473.664560752991
851,4879.255273765596,5272.403551286612
852,4794.620115479032,4873.6126354441685
853,3676.733539920972,4831.9278298293975
854,2167.4421994480085,5109.867857824026
855,3668.759238626541,4479.432419894938
856,4411.764842861853,5239.834976673633
857,4856.056156967255,4935.242815606687
858,4854.815553390809,5200.022796584542
859,4647.106282882416,4880.289604251018
860,4806.175516143191,4995.342626603974
861,4338.38190342421,5221.634201763465
862,5242.418418308831,5225.153163272604
863,5320.206133050275,4849.857656582522
864,4470.756421334654,5211.392890125056
865,3599.4454970996603,4678.625892244632
866,2906.8657515476093,4556.049094664946
867,4616.509074264778,5312.940072510963
868,5260.821949651579,2488.5453176217534
869,4393.40816260165,4541.962836928166
870,5291.975318047279,5276.917174972955
871,2982.4138104215444,5236.081908259677
872,4904.921797355943,5304.261677069872
873,4342.088192144703,5304.097128678595
874,4329.6027531075015,5231.884327960065
875,2822.421884600887,5203.073486316932
876,3988.620377711141,5259.843708066308
877,5099.312822483445,4622.014092963312
878,2507.2384720669565,4339.964622301715
879,3620.319071793064,5152.954596073691
880,2027.90787502404,4956.192661938219
881,5302.82406303273,5240.622529987379
882,3527.2091290147264,5279.831723486898
883,2932.687329348703,5240.386571956816
884,4303.288994888662,5150.919230481265
885,5303.277172630449,5211.048668385484
886,5391.284531614945,5260.4236016087
887,5402.42623124573,3681.3522551667434
888,4799.778258748886,4847.651179198257
889,5226.342431931179,5300.333571143661
890,3881.195341904196,5308.665689872336
891,5338.979719824692,4620.58728590572
892,3283.284751007975,5208.0455892900845
893,5211.310339147494,5140.2437645504
894,4825.60398877521,5170.893786748336
895,2318.1687302276523,5258.66452717189
896,4693.141424154287,4783.909040702469
897,4928.208967074252,4916.161583272884
898,3909.869102229734,5146.149623032253
899,3096.139195957102,5237.851658984348
900,1878.313848328699,5109.412576496359
901,5219.216867432981,5052.275920950955
902,1932.438672422657,5212.406532653298
903,3212.8688719153843,4953.346548246542
904,4926.261337306319,4884.244534142641
905,4871.864358480453,5278.9299497647
906,3623.498861661321,5202.765895660019
907,4527.481793697478,5260.867068414313
908,4326.6224941375485,5176.729025875121
909,5181.682238233127,5308.748831642347
910,4553.545225294666,4738.414776273328
911,3267.544647442638,5283.215431670741
912,4196.190719446689,5020.86428762791
913,4396.775494637261,5337.615815913647
914,2396.333218404475,5187.250888623295
915,5324.433319873983,5388.1565556377045
916,5361.615502960939,2958.324317808334
917,4894.516760549405,4587.350436643679
918,5294.085382743128,5390.672950011933
919,4301.674192694898,5292.320484536654
920,3848.297787289841,4934.179487208913
921,5417.738008219627,5244.3591225101945
922,4690.464210158049,5258.286062243489
923,5341.053723036496,5362.34277625874
924,4531.0123911771125,5288.544090472015
925,3999.504757979877,5177.455911932689
926,5407.7259664202975,4653.92013764362
927,4838.642358806233,4338.757077328561
928,4572.995942643572,5178.204558189954
929,4381.868281971437,5391.621621064461
930,4557.94474573226,5218.321487062412
931,5236.473425029248,5349.596195795527
932,4778.811285819024,5277.201661047782
933,2790.211062892158,5139.162375005648
934,4080.45514410954,5170.027784510122
935,4914.216546313576,4640.150879698503
936,3821.172310256122,5309.950495674927
937,3158.423382519297,5273.651818250552
938,4774.302545576624,5197.984195091607
939,3883.746744754263,4995.485720039396
940,3364.487110181248,5121.00174785947
941,4357.161921564428,5267.602642199602
942,4237.627624023133,5219.432258140118
943,4020.3100773012943,5241.4694548828575
944,3829.59830786628,5290.312862022858
945,4605.739284311958,5105.644707490306
946,3177.747073579912,5253.929384827521
947,2296.7152960750277,5215.167389893975
948,5211.400029056167,5103.8971601925
949,5311.618952681376,5281.274505439509
950,3601.9674559010664,5010.018344523012
951,4609.631207214859,4840.419328176921
952,2288.4370514640364,5149.462822580207
953,1401.2049544259887,5168.283760950802
954,3032.9446869350054,4950.186173831861
955,4065.072344403338,5334.273145130841
956,5296.724375621978,4361.467227779436
957,4332.7428051787865,4441.393779354243
958,2706.85969935941,4567.894536393917
959,2806.883189422665,4746.995499562388
960,5326.547842991502,4988.673631191416
961,4603.008292244283,5268.225382713841
962,4496.322940440313,5300.531201491551
963,3414.488647620367,4834.088791404831
964,3362.406903519175,5418.943830634742
965,4673.079722640798,5390.88212024007
966,4949.664822328649,4796.549716709773
967,3472.2204451222265,5247.264738041364
968,4556.223137429913,5071.963745917031
969,5289.206467812377,5201.517251785313
970,3175.1757068258967,4797.419695263706
971,5235.544518462386,4935.88815209515
972,1531.251286156372,3967.664656546192
973,3564.90422495598,5013.249545724383
974,4309.354386969352,5218.9515268136
975,2726.058993563756,5292.071138431252
976,4803.016987373802,5292.863668863802
977,5287.349152722111,5035.12147838783
978,3495.146443930263,5300.340443514409
979,4724.492416460504,5013.675227010441
980,1966.6390530158155,4894.26932231577
981,3850.349771434936,5346.313786141667
982,1950.3741284440468,5199.774184686479
983,4640.354236568297,4705.839442863998
984,2962.186695116351,5221.50784291748
985,2783.492463590173,2827.330492003869
986,4841.109286263607,5328.381396967273
987,4095.805113195125,5310.671022302891
988,3042.263843615586,5270.501159489622
989,3069.518068341248,5148.232639148496
990,2236.2257911824736,5206.393011214824
991,3835.989279729228,5238.180316549695
992,4942.233625242498,5098.707093554442
993,4841.845780639324,5258.952084389888
994,2451.9803660508437,5135.560355555344
995,3058.362543943584,5164.3442547922
996,4724.964561781443,5297.037079473697
997,4488.988242005287,5384.582830450558
998,5351.446139372156,4591.104474269782
999,3191.2330869369184,5266.621103649746
1000,5143.348297539956,5188.19340118889
