Step,Baseline,Corrected
10000,299.1072761409515,183.0723493577312
20000,361.048695025642,109.9771536990637
30000,289.75032256611416,435.0602331950501
40000,-53.37935246937064,-184.84988293525493
50000,410.5425452765706,858.4322025746635
60000,-143.2471690055871,312.9523274175771
70000,505.2957252386735,405.0002401093863
80000,431.8208490981421,1118.86608082466
90000,351.31967383839617,748.1041462137425
100000,848.7049441968682,920.0557403187264
110000,644.8117002016747,740.1466091508153
120000,1047.4231630799234,1052.7835071537709
130000,897.2782296111791,1247.4994881381865
140000,702.7843858523644,747.7912130978273
150000,1209.190409464412,1650.9741387877395
160000,814.7506796012152,1011.034878058332
170000,984.0531833160314,1309.5432998160177
180000,1091.1175313821134,1079.426121135638
190000,1184.025749193694,1693.5341904404092
200000,1597.0652781498588,1002.3951874470644
210000,1130.7158466905885,935.9722886152504
220000,1102.8149339633644,1461.726462045775
230000,1369.2471837958994,1531.3920244810367
240000,1456.7577838825905,819.5707314475601
250000,2121.7190876667432,1674.750638515965
260000,1503.6305752148887,917.9498652876736
270000,1410.0015104469562,1565.322034518496
280000,1104.5472154348683,1925.135047707024
290000,1304.9462771403014,1872.7289246141945
300000,840.7072989300802,1313.0387301525834
310000,968.287785199184,1210.3980765118397
320000,1343.8955965904909,1902.292379687134
330000,985.3412238303248,1148.4677173365867
340000,1178.4435316231004,2422.095806131189
350000,746.841618000323,845.7060396312121
360000,1335.522235845629,814.0722627552466
370000,1152.9237760744816,1923.2903454374973
380000,1778.0380740704798,1237.3382485352563
390000,1268.2608689736337,1718.5066132397042
400000,1421.6871009343,1882.5602928377373
410000,623.4555330076231,1746.525544163413
420000,1384.2088003045417,1748.827552810466
430000,1524.8038920172612,906.8243186447064
440000,1968.280963355393,2201.6191425396737
450000,1741.4166754550165,1228.228740906977
460000,1141.223418888197,2098.0197691817234
470000,2206.723828180426,2131.7313942390424
480000,1196.5717011007882,1004.0417711612492
490000,1503.4287615160129,1209.0807514550074
500000,1153.8583714701658,1293.1227254814369
510000,1724.8928158154563,2078.4682219373817
520000,1186.8827701811906,2371.200498760155
530000,2026.93585108992,973.2012480437093
540000,1802.21796459949,694.9958092192816
550000,1273.265863403402,2951.727819192448
560000,1135.83464205851,1203.234904573817
570000,2335.124046785472,1911.142255988833
580000,2014.3307319343144,1602.8364419649151
590000,1261.0305721129512,2148.21261231101
600000,1887.829968911056,2540.6600464283883
610000,2242.478474923282,1571.106021401614
620000,1966.60082706014,1961.6724685441773
630000,1806.0953403133144,2440.8708234354044
640000,1717.9155690764849,1396.7287340830674
650000,1092.4707520065772,1420.3276055476674
660000,1908.463996037245,2040.2106062467103
670000,1926.047468654638,1719.142622389406
680000,1442.8800225976408,2031.776559556224
690000,1600.0446692119535,1675.7398364091011
700000,1961.1053737718007,1937.2927756919528
710000,1586.8026125408942,2073.770790941711
720000,1627.9266875979763,2949.30777762388
730000,3105.32761821647,2205.501463079529
740000,2270.2983625970546,1937.063464230298
750000,1473.377562039636,1789.625711233955
760000,2287.343838031414,2253.95125953984
770000,2211.337696514456,1819.800923033178
780000,1501.8423413368944,1874.540216813896
790000,2305.016467929152,2674.2008681688776
800000,1793.1592302659362,1253.815234483865
810000,2519.2252204757933,2462.9503715602546
820000,2009.0973866971624,2485.5189410493904
830000,1773.1577213992691,1879.6911542413104
840000,1958.476544591285,2032.65598425122
850000,2225.941755961404,3527.0534961027925
860000,2861.527152601961,2190.601884024624
870000,1167.2398630541106,2316.363134240447
880000,2837.6216442365994,2338.207035128232
890000,1164.516590874498,3541.553221996447
900000,1869.5500933289168,1835.991299305429
910000,2179.2496120706605,1500.0391252064903
920000,2107.9011348670847,2298.858610484527
930000,2902.030833441636,1470.4281347543251
940000,2220.9034723652426,1647.558070968412
950000,2079.740599123248,3297.400412399984
960000,3214.780294584075,1923.8366499885533
970000,1748.9585498581728,1783.6981981513643
980000,2534.01872457676,2064.268823981421
990000,1937.2184937683808,2374.206895676501
1000000,946.6473665985188,2676.711624202145
1010000,1904.4671610170728,2050.1382608942627
1020000,1854.8531576030844,2369.691804868696
1030000,2510.86988315972,2449.872435514969
1040000,3034.191497180473,2214.4862061518584
1050000,2061.561247731969,2036.590049617876
1060000,2612.094210785104,2041.5335309393456
1070000,2757.8659241683595,2449.240303675548
1080000,1807.075132441688,2148.309457124329
1090000,2757.7707325789497,1995.358059539139
1100000,2127.835854381828,2979.016864043018
1110000,2308.954581851772,2798.034009184117
1120000,2160.103297635838,1802.3764484538503
1130000,2281.63190531483,2835.5162042737893
1140000,2455.166867387737,2244.298965420675
1150000,2744.9779909782974,2556.850670988253
1160000,2079.891167076664,2517.9639263345
1170000,1722.8488980721377,1931.232225289996
1180000,3211.9567877159884,2250.383158409973
1190000,2849.4495524362583,1933.650629261336
1200000,2063.315768723819,2197.24907200066
1210000,2139.454177934401,2319.9446151871443
1220000,1881.302709270459,1601.8356631780546
1230000,1408.498250521232,2209.202229767853
1240000,2339.200992684863,2003.0956263925464
1250000,1441.2885179809705,3440.6775965472943
1260000,1816.7189092602184,2522.5143578420407
1270000,2469.879440386022,1791.4818424687332
1280000,2702.588656623452,2429.2585847672235
1290000,2051.3083132236816,1810.231073761185
1300000,2768.13293492552,2432.564520259696
1310000,2319.299935218569,1369.0243729653569
1320000,3150.2454582500404,2540.718512495891
1330000,2343.265660974418,1466.9395084619437
1340000,2040.12486165244,3060.602313212758
1350000,1658.7810421675458,3537.1303992493645
1360000,1996.3876883619043,1834.492150938174
1370000,1466.7002695303315,2459.8634408366734
1380000,2097.533063609857,2406.1823568586947
1390000,2828.494355294938,2429.728662974466
1400000,2310.9045950425243,2830.4960166105
1410000,1622.6508532990192,3423.069955562742
1420000,3249.336695560739,2474.5015918386816
1430000,3682.807514597402,2277.963830446654
1440000,3291.3725670906906,3172.493745356328
1450000,2030.40962548946,3306.046151889332
1460000,3281.1490543622094,3848.079035235024
1470000,1764.9820444865902,2335.4995238540023
1480000,3636.433261948542,2632.0058786186405
1490000,2758.060249557488,2197.497128086083
1500000,1186.2391531521666,2446.410793078706
1510000,3606.533695264648,1572.700601825883
1520000,3549.2924056290235,2090.993351979042
1530000,3343.5606069441515,2636.191070763999
1540000,3066.3291562024647,2788.1096664438487
1550000,1809.9329850442816,2021.8006307979128
1560000,3960.931119622699,3318.033573423551
1570000,2839.757414665656,3871.491333921169
1580000,2381.635630603999,2254.821806016352
1590000,2364.118922044541,2835.799608068011
1600000,2155.693518163527,2248.491180124722
1610000,3584.616058572493,4067.5717665904713
1620000,4800.801488207099,2131.305566227737
1630000,2396.764560326183,2784.778390885627
1640000,3102.089133807906,2686.628959017151
1650000,2233.011178813512,1971.425433656784
1660000,2420.170280179097,2801.4326840730523
1670000,3858.224486977945,3385.301110582948
1680000,3265.9291634739275,3924.6826785951584
1690000,3749.5254447866473,3464.385140418321
1700000,2505.2604601181024,2960.5280540287613
1710000,3080.4272514737468,2717.5431722355893
1720000,3455.1964706329104,1871.9108035542608
1730000,3149.019545719406,2692.8384722294595
1740000,3110.7206154741093,2017.9039645448927
1750000,3731.9388467429553,2627.8066204586253
1760000,2651.018759344419,2355.030784111555
1770000,4295.108114663392,3405.493950261692
1780000,4287.989804563156,4182.795599292907
1790000,4513.583936921597,3887.556300085666
1800000,1558.3390411778666,1784.0903170227352
1810000,3100.4455688954217,2434.8117566749665
1820000,2618.688154176186,3660.205576870677
1830000,4626.141471392609,4500.225323760585
1840000,3372.676674553129,3493.7899205777344
1850000,2755.485585854517,4132.123037306805
1860000,4507.707736711309,4001.963738603813
1870000,2715.880613756387,2339.3347310481195
1880000,3479.503627854687,3819.4589270300407
1890000,3503.5127633342613,3309.197977163212
1900000,3210.431849252392,3027.377234403208
1910000,3250.551373210009,2777.7072044053352
1920000,4692.1916230296765,4025.483834745144
1930000,4417.032962008825,3366.834553505332
1940000,2461.66767749378,3532.6586008503377
1950000,3707.5508824332064,3386.46838909288
1960000,3035.7235604005605,4452.799327889026
1970000,2973.10356429726,1460.1920406675874
1980000,3255.014156470196,3039.985933858929
1990000,4223.635900024845,4641.383518171321
2000000,2398.290157722377,2742.2806900721366
2010000,3290.868038130794,1355.260677750475
2020000,3909.9183646939696,3650.0004404375554
2030000,2552.659984259268,3072.2709191145595
2040000,4695.915652816183,3227.086103327866
2050000,3369.592883551269,2965.1345201449703
2060000,5580.0299221864525,4476.477724109778
2070000,3776.132066168064,5392.00558969895
2080000,4645.685054567153,2779.544775407333
2090000,4027.638476727766,2001.5446557590813
2100000,3668.231281671514,2892.707893784346
2110000,4903.335043583345,4024.0065877053134
2120000,3674.762125207138,4261.170519023358
2130000,2407.457800749973,3928.7816751074834
2140000,2442.457958023015,3973.531334648834
2150000,3610.507215019009,2953.783515234624
2160000,4126.30812838854,3519.558071999175
2170000,4173.220389273762,2291.020933174793
2180000,4273.30034263158,1471.8748453288852
2190000,2671.896289350002,1834.2795065690648
2200000,3814.379541054097,3189.693385684387
2210000,2946.9215514903667,3729.697755669057
2220000,3316.175516537878,2559.741262969213
2230000,1938.7523267646789,5017.831172830882
2240000,4006.7920872529257,3350.322034369816
2250000,4520.90650331303,2052.2017141750903
2260000,2992.6947140998973,4174.477120224241
2270000,2504.6790981742724,3712.75821593472
2280000,3887.87630674086,2389.5693659733
2290000,3830.022414092452,4149.941658228332
2300000,3669.097230015344,2718.393279509736
2310000,4435.432688399249,3627.375491465473
2320000,4216.622704590376,4139.355991226375
2330000,3870.776748296961,2763.60787031394
2340000,3482.792265364814,4046.08501979451
2350000,3153.066140292344,2309.7837579072934
2360000,3048.247983253766,2419.8012209878766
2370000,2141.1031002065347,2502.87414312964
2380000,2743.3520429946025,3652.418354360758
2390000,3110.686827894141,4943.911314231613
2400000,2520.4732125890914,3333.375063811417
2410000,2598.9087159700675,2662.4309261992585
2420000,3192.818579741831,4264.195387305168
2430000,3175.572698690484,1951.5376261347085
2440000,3473.058504736352,2119.437793256899
2450000,2669.887340431446,5827.254802900199
2460000,4046.9668029611503,3361.38653495575
2470000,3526.918169838854,2982.827887268619
2480000,4514.374292417977,4187.6776218093855
2490000,4602.000265091381,2772.231680701942
2500000,3594.9300035564,4635.908813733922
2510000,3752.3066602317567,2848.821327978415
2520000,2815.549188265933,3705.0747850659945
2530000,3726.304329931562,3728.016510175418
2540000,4642.383080854163,4260.095007908272
2550000,3451.182310354053,2750.043942353964
2560000,4523.518434765233,3759.119405474218
2570000,5028.864223056959,3009.4824613300307
2580000,4655.850365405041,3636.7486046242
2590000,3589.3634221420093,5384.1501149585065
2600000,5012.283136164623,3384.5716549396298
2610000,4508.046568168715,4899.339779420963
2620000,4466.593164076117,4326.993780376407
2630000,3992.6021618105033,5722.885862610167
2640000,4666.566485082383,4477.391190949802
2650000,3994.424922171112,5684.440479004531
2660000,4690.962473277674,3811.7014614175655
2670000,4370.034296090188,4451.644113601063
2680000,4898.185578067148,5015.476623758636
2690000,5335.593129358824,5768.65766401501
2700000,4944.728527631706,3742.190976418072
2710000,3627.172764521566,3732.388176721979
2720000,6936.832046079298,5718.286943287382
2730000,3873.469877004829,2585.6919767466243
2740000,4968.9696150673,5664.283043400922
2750000,4050.443668772219,5327.124147186562
2760000,4751.2426998978535,3265.9432855007267
2770000,3564.3228621431363,4639.196497047333
2780000,6256.070080933978,3330.59198540902
2790000,6158.512907225409,5362.360620593077
2800000,4906.618491173978,4097.009412940182
2810000,3609.5873787526407,3315.7574849944563
2820000,4995.045412600059,5828.315629664374
2830000,4857.9510640333565,4629.109479483122
2840000,3703.3896211271976,4334.2374322271935
2850000,3630.403358215105,2440.921808498485
2860000,3373.5692958230525,3978.288945607857
2870000,4365.768418121605,6837.590382103523
2880000,4278.724851858484,4109.855375564265
2890000,3681.673146691309,3244.073038713196
2900000,4151.787072360354,4143.97658677496
2910000,3501.847994441702,4297.664238879877
2920000,5030.669857783116,3931.785914846424
2930000,5372.939777086562,5268.795286933759
2940000,4336.498562170341,4750.423856568988
2950000,2756.1591831742608,4264.387999228408
2960000,4471.4351384437305,1947.543027823757
2970000,3865.951656847935,4719.51018739467
2980000,3455.625024207656,4314.42821572669
2990000,2965.247232232651,4122.574289083735
3000000,3581.71276491841,5050.286802466934
3010000,2868.5599295468296,3280.204051254296
3020000,2795.353304021181,3793.873247582719
3030000,3871.366775865544,5561.051594864999
3040000,4519.79232811957,3459.7085415134984
3050000,4238.125288820096,2977.0519439679583
3060000,3209.2010124381623,3467.483825844989
3070000,4776.771880334984,5151.652454699424
3080000,3092.5163423448475,2636.343735221661
3090000,4429.03124675948,3932.637666620958
3100000,5540.178576060316,4289.771624490203
3110000,4806.171653711408,3607.889300716747
3120000,4119.351239821219,6512.387972143775
3130000,4426.111307819722,3619.9381604948912
3140000,4942.871606783415,3399.4482803252954
3150000,5161.462763784394,5106.989007959698
3160000,4872.053212715981,2811.455130536533
3170000,4148.45252442518,5095.873186208394
3180000,5813.128544254926,5173.8760355962495
3190000,5982.024800205571,4619.318059087958
3200000,3848.395833075096,5991.9788145490575
3210000,5105.183258993248,3214.2459151190283
3220000,4416.23411613399,5417.533601974952
3230000,5058.714515849816,3538.5174858650016
3240000,4293.364919414401,3539.1738484953457
3250000,5631.238784454909,4439.705906576564
3260000,5080.030096830388,4490.159176184734
3270000,4598.275118682125,4512.912753472714
3280000,4275.588589122568,4049.908721184415
3290000,4593.902114891289,4525.076376168206
3300000,3239.2278551278782,4857.527436947093
3310000,4428.279059017938,5169.823896697953
3320000,4356.971253411173,4437.540954863545
3330000,4190.673849185759,4734.9958549311
3340000,4335.715902475409,2954.75229155715
3350000,4603.434451816629,4898.934705318845
3360000,4122.765241438293,3895.835135697166
3370000,5346.490138255201,2987.4963658090446
3380000,4774.458322709983,3913.6556353801534
3390000,3612.563453813808,6050.884949154154
3400000,5488.902145812999,4270.26891437467
3410000,4205.9450236168495,4654.739892742122
3420000,4121.941195715335,3207.4168084053435
3430000,4100.6944016298685,3212.4327481019363
3440000,3852.487175782165,5139.991344536689
3450000,3984.064230504041,3468.913301232495
3460000,3302.131627220376,3118.0681517234207
3470000,5277.477981211578,4061.316095513165
3480000,3942.002634035792,5286.680815769478
3490000,3385.003816172254,3765.982093222888
3500000,3168.472716036052,4846.686755080575
3510000,6071.67168038815,4072.559604290952
3520000,6286.431173032452,3873.958811067886
3530000,5050.044595217996,5055.7438546609
3540000,5552.554702375192,2833.673112343389
3550000,5339.45722332322,4906.011434919872
3560000,4351.517784581636,5111.109464374033
3570000,4213.458149870334,6221.738907376868
3580000,5823.102544353958,4531.109620927011
3590000,3783.453561272033,4513.796083410004
3600000,3917.496497814993,4143.420520908505
3610000,3809.393107095707,4014.909223115189
3620000,6158.15889770327,3752.3482173755
3630000,4751.320768953168,3821.0712064105055
3640000,3231.368722863956,4499.139551156792
3650000,3960.479289739359,3906.7430190370856
3660000,4201.726494747443,3608.470148480908
3670000,6057.1914051361855,3492.312435613785
3680000,4963.99683806382,5154.783439630917
3690000,5334.449873517507,5664.862819186622
3700000,4988.943422815951,5945.857337212695
3710000,4411.685148851201,3600.15722718636
3720000,4130.178422075065,5322.689129464622
3730000,6000.286777825999,4704.087550460473
3740000,3624.889561215345,2801.51469682306
3750000,3897.3556070958666,3197.193861613534
3760000,3553.941136147145,5182.419602054409
3770000,4315.31791726022,5254.230536312929
3780000,4751.988919921076,5887.287854087334
3790000,4593.089182124467,4770.348418630952
3800000,5462.342831702187,3732.069587341708
3810000,4360.519883072013,4771.970754142372
3820000,6021.217568667698,4742.942138105497
3830000,4856.856407148229,5425.160728397143
3840000,4512.399803199847,4048.218948745856
3850000,7218.582237384768,5251.138130873282
3860000,6868.147428286757,3742.150547577061
3870000,3415.1600043588537,5056.591693051613
3880000,4064.5992618031937,4613.022039232817
3890000,4467.613004888982,3044.966541087788
3900000,2497.1299325354057,3104.644995143809
3910000,5351.142334431732,6421.0457651899615
3920000,3702.909690632418,3511.691470496195
3930000,3791.334802690958,2185.9862139670195
3940000,5791.091594379008,5082.657371573465
3950000,3019.2785402010027,2514.826585613774
3960000,3549.30634323563,4204.140280305253
3970000,4861.211211443271,6555.061457269575
3980000,4133.241022736567,5815.998384597502
3990000,5206.396881340017,4476.292315131292
4000000,4080.442566878519,6746.221689025813
4010000,6562.057132024545,3623.942621833037
4020000,4054.86087884305,6402.138052196268
4030000,5384.045895409158,4462.567183148445
4040000,5053.738084569602,4691.787430014564
4050000,4475.693644683387,3104.8382450133568
4060000,4587.82489337254,4177.329841379222
4070000,5113.114767510428,3396.5634665332136
4080000,4478.55934314258,5676.148660825476
4090000,4587.744665533389,3861.304183574193
4100000,5079.912583546529,3015.913069782144
4110000,5672.3506219050405,4559.522602525102
4120000,5259.03406053041,4391.082392919765
4130000,6888.529119225389,4207.552707984398
4140000,4722.081900099007,3891.187284277547
4150000,5594.810693507406,3835.014229604976
4160000,3745.884985156294,4930.5201310740695
4170000,6412.885611465116,4627.148264572744
4180000,5170.778633404286,6762.297648063262
4190000,4439.933953539586,4103.732043949458
4200000,4142.532088413637,4775.859655995005
4210000,4427.881969236937,6605.475193077493
4220000,5101.06693449064,4703.394570512862
4230000,4300.9555196782185,4123.130768111025
4240000,4939.265550091899,5309.281406856865
4250000,4194.737594756255,4596.679522709052
4260000,4954.545913702206,3954.447824546141
4270000,7125.499290502346,5975.98968444681
4280000,4632.121985266158,3246.6867659695627
4290000,3966.1086566691424,5493.208977122179
4300000,5660.497510449593,5220.155420966099
4310000,5905.388255274748,5088.3335262098935
4320000,4300.020550159827,5716.2215912265965
4330000,5820.14023481171,4301.602889859736
4340000,2631.016621121137,2950.4588024259656
4350000,3305.7904373814977,4138.676633233665
4360000,2275.7184676574616,4719.684770022467
4370000,2938.114173296407,4660.5336094138565
4380000,6091.325710393337,4806.8811072354
4390000,6486.323306045148,3349.0826560018104
4400000,4179.365107094173,3895.210315316678
4410000,5521.800434123643,5435.757910851372
4420000,4024.3767208409618,4273.860017435954
4430000,6196.744441973319,4363.471818264084
4440000,4380.117473374734,6302.182693731697
4450000,4556.917753602873,3684.591594749013
4460000,4800.394812734385,2783.064043090454
4470000,3393.389501739297,3433.9345324900846
4480000,3483.289725571518,2563.261659058365
4490000,2077.941270400428,2561.8778588517007
4500000,5140.435229519198,2051.4226977015187
4510000,4484.545122065755,4852.300524777762
4520000,4512.799016380408,4570.579855111009
4530000,4311.755958710748,3040.3305726829626
4540000,4757.180177935634,5895.842564194185
4550000,3585.829921965357,3059.4678265034345
4560000,3217.032884322672,4241.758385683966
4570000,4777.234838107697,3749.3463827762826
4580000,3814.4462457410455,3168.119862271628
4590000,6327.694724032448,4002.342637394271
4600000,4326.446746849972,3952.922157353359
4610000,4994.671276823754,5046.346940246723
4620000,4905.508631087122,2300.535571201154
4630000,4846.083391422054,4342.401785536642
4640000,3222.3107485888054,5015.793060487746
4650000,6187.838769565225,4076.791801012731
4660000,3190.6475356517803,4489.446690479645
4670000,5436.320001558571,4601.558636097211
4680000,5415.7050580243495,3978.119887305319
4690000,2007.885495573449,2201.330268337824
4700000,2250.503627087419,4371.532447376382
4710000,4028.998634208585,4396.447722797029
4720000,3594.1313577919414,6144.036121588428
4730000,4729.055116804388,4893.226773546759
4740000,2543.125401771963,3767.041482317355
4750000,4769.86594604418,4003.570221915662
4760000,5932.132829900673,659.9706985848507
4770000,3165.9386922847743,2658.42703109661
4780000,3374.72154160952,3183.647490585344
4790000,6089.462592181271,4480.9152716618455
4800000,4668.423956201813,3622.517177798186
4810000,3407.818096659569,3018.345942294625
4820000,4291.104053245794,5621.7689986381065
4830000,2452.930721965795,3451.8216149994137
4840000,3140.251552528988,2589.2736958404007
4850000,4051.8979926427273,3068.783128378236
4860000,3912.918731753472,3442.60562485816
4870000,5365.025968037044,3040.399914146383
4880000,5274.974312709523,4956.235738029095
4890000,4748.963006483841,4072.654915403301
4900000,4680.412770135299,5076.944391627056
4910000,3342.126777559717,6177.348743211735
4920000,3414.8884319335657,3584.8636706390635
4930000,5405.399097443058,3988.1307534956577
4940000,5164.343558132736,2952.00844392917
4950000,6171.61595785761,5825.386357106874
4960000,4869.648827521862,4759.978232104388
4970000,4065.291930447682,5244.046496052186
4980000,4317.384701734722,5102.014468739117
4990000,5811.554125730905,4018.476958570805
5000000,4806.165587705745,3730.692516386997
5010000,5636.09194121203,5238.324743360108
5020000,4948.757242157596,1701.1886462339542
5030000,3892.8776644175937,2624.63781934782
5040000,3840.355015647097,2856.354109651743
5050000,4161.193260854047,4954.01243682317
5060000,4653.296857473763,7201.775356610869
5070000,3924.945822620848,4354.905891111066
5080000,3406.853814733746,4762.947706034108
5090000,3752.9068846078894,6265.239980485281
5100000,3952.613166803312,5280.95139874772
5110000,2440.617092084603,5243.118446084978
5120000,3705.059750786773,4106.132915679322
5130000,2957.714862812095,3883.5498710416337
5140000,4300.990679497558,3047.547772739446
5150000,2884.12722061806,5668.929283897754
5160000,2971.552357262672,3427.622489232178
5170000,2929.7019549197057,2907.98115517468
5180000,5394.175424936041,2839.0490496837547
5190000,4344.573458739524,2936.629160926223
5200000,2864.2094934747925,5356.029009467673
5210000,4587.7776055456925,7550.583396671022
5220000,3434.9631749105306,4901.868527427659
5230000,4574.26457763472,3332.0506208172856
5240000,4554.76916809226,6389.467102637372
5250000,6948.893121544507,4962.304703392832
5260000,5018.222874221407,4596.397079091256
5270000,2976.6027091576584,3493.0375826815034
5280000,2961.1065362300183,4301.64390472825
5290000,4447.237469740247,3225.5513557954755
5300000,1957.279097839722,4684.065993144966
5310000,2302.27575067974,3743.916019633228
5320000,4671.540981778706,4033.6307583565417
5330000,4241.166528159079,4131.293686037282
5340000,4145.95542544656,3866.999384954064
5350000,7284.630255846877,4362.2130565017305
5360000,4011.726928938953,3617.906253894727
5370000,5001.730433379828,4593.192516683668
5380000,4816.615899616723,4703.533624069211
5390000,5609.738759168022,5128.676109218991
5400000,3783.8849387155897,4954.859718508679
5410000,5574.925499889838,5275.462535911713
5420000,4927.328752443078,5523.272970796825
5430000,3905.308814526237,4649.471476400761
5440000,4049.378540749052,4658.426855730852
5450000,5553.397771332568,4074.0110584167055
5460000,4610.087506728238,5380.930134808934
5470000,5021.026912549095,3181.495565229161
5480000,5056.352259803194,5367.962229248496
5490000,5031.683759315286,3690.995661660652
5500000,5754.691603112373,5998.183221271365
5510000,5381.752777782071,4241.712016232149
5520000,3947.693302397028,5433.391132874186
5530000,4927.910296617927,3178.2089217540856
5540000,4816.67255079458,5867.961603348403
5550000,5275.472299393541,4487.199481177988
5560000,3763.041671198864,4962.905847726719
5570000,5812.19971047113,3647.116833605551
5580000,3214.860448226205,2137.5397719137463
5590000,2067.6987264485383,4829.694794514517
5600000,4112.192259598351,4201.9930235404045
5610000,5689.329991866993,4418.082359927646
5620000,4087.5534764341487,5613.554452904698
5630000,4055.690498320348,5132.689924305789
5640000,4279.654138102257,3613.788392461053
5650000,4164.238638141306,3826.664890728174
5660000,5531.817357021768,5962.606720019447
5670000,4785.073338597539,4497.114336811874
5680000,4733.08627685423,3230.986114479362
5690000,3248.7723677569697,4087.720455625892
5700000,2843.537082174204,4218.790292313132
5710000,5235.348455322984,3216.354767737442
5720000,3993.2277317714606,4963.880530180392
5730000,3572.9511550313064,6396.006941317877
5740000,5095.660447373075,6063.357804669333
5750000,3822.279041944609,4059.919122348376
5760000,3238.3410300941714,3336.8430076775694
5770000,3149.729206148847,5407.5558427914375
5780000,3810.964734675976,1953.461044115884
5790000,5463.394407646984,4485.262784059498
5800000,1657.2134101937706,3485.4961441525493
5810000,3250.252548253881,5084.905735129869
5820000,4219.207148331644,4197.769971235478
5830000,4313.24258461339,3732.347510814439
5840000,4766.4006645963445,3835.158891336527
5850000,3677.472697493603,3600.1153131172578
5860000,5756.7567673252925,5071.615365135576
5870000,3368.84797610468,3977.497975128927
5880000,5760.333064854002,3957.947611472701
5890000,4690.123529038121,3748.3057770036894
5900000,4276.317230988625,4423.278292026038
5910000,4989.753489818766,4845.518529382598
5920000,5387.651323398028,6157.417107293212
5930000,5635.0888985475885,3787.0944347938575
5940000,5921.897126145829,4561.692507249911
5950000,4460.919557333107,3453.364348158945
5960000,4260.628817211293,6040.968147578204
5970000,5239.196647180333,3771.504137345747
5980000,4270.391947419541,4048.3575598084026
5990000,5247.338569946852,3656.685984861134
6000000,5667.925747852569,5118.740182496907
6010000,3713.2571221985695,5394.12321145098
6020000,5072.9132051053175,4551.517367413642
6030000,4303.298060239723,5715.961970326272
6040000,4281.209247864949,2822.662943098251
6050000,7237.574840458046,3283.03002735796
6060000,5859.679227412453,2057.698629607092
6070000,4720.865960121893,5026.909135819768
6080000,6343.753798551258,6821.840869739416
6090000,4534.603412071631,5366.369725146627
6100000,4942.889299970222,5421.150694183429
6110000,5682.7313230659,5777.995277390192
6120000,6369.219589005495,4898.037757095041
6130000,4417.576135554222,4250.455952147582
6140000,4378.02906422948,3976.4192433501207
6150000,4299.556495155887,4596.430777720921
6160000,6702.2383379107805,4989.844359666058
6170000,6120.040464373715,5659.509390076113
6180000,4192.161359440373,4058.252188577116
6190000,5802.674333831608,5554.89691678992
6200000,5057.291213760906,4208.506635729781
6210000,4233.397683754878,4579.164519989714
6220000,4824.617586752184,2625.2576557261536
6230000,4083.9374008317127,3944.752523290518
6240000,5243.254685899648,3466.9247427896503
6250000,5097.968134273985,3862.499921325115
6260000,7211.619906081421,6094.932788295416
6270000,3358.1805386870064,5443.498814105118
6280000,3895.061817741146,3040.030959282884
6290000,4044.221657089083,5376.94279204419
6300000,5446.284266794964,4086.2388247449753
6310000,5665.639849602359,4527.074969421651
6320000,5697.495208510114,6349.384306372975
6330000,4210.921829692607,4677.589495386508
6340000,3558.502067168264,2924.379623727021
6350000,4130.192238427835,3957.136912364479
6360000,4289.605410604812,4965.608100326062
6370000,5817.386562309121,4185.226695008138
6380000,4395.330440649079,5206.499740505909
6390000,3543.4780485732763,4376.933789722468
6400000,3998.004617190709,6145.487453749023
6410000,3604.876328641743,3434.123489273344
6420000,4702.437822855537,2898.958070208212
6430000,4139.293591281933,4577.121828645324
6440000,4778.5128947972335,3641.4103701146014
6450000,5955.912901560683,3378.29821956877
6460000,3306.705768919121,2888.448246483761
6470000,6087.239874949837,3918.2343085409775
6480000,5277.535735294808,2898.49176440614
6490000,4317.499419701309,5905.53260470003
6500000,7024.437607051397,3137.2478332777896
6510000,4661.653423771479,4366.11178673287
6520000,4904.684304807429,4004.947410732724
6530000,6151.806858544518,4352.798740399694
6540000,3751.768881897508,3943.104840842515
6550000,3859.574160482492,7658.367973761012
6560000,4416.286242128164,4360.906537385874
6570000,4551.3107053483445,4634.088134731087
6580000,5603.177722329358,2940.4528255910377
6590000,5675.977845484389,5750.3615780038745
6600000,5602.997882998109,3949.902403434815
6610000,4497.26391269502,4475.238618434201
6620000,3357.816523050032,3610.57160460819
6630000,4528.469576059591,4207.439867807374
6640000,3332.0407342689577,2357.1590297486578
6650000,3470.8493672419186,3533.142472321196
6660000,1828.413101232807,4251.533065023638
6670000,4613.651738256233,4264.130025643332
6680000,3432.244584244419,3339.984217259658
6690000,3013.256279126784,2081.912994396875
6700000,3465.6763116392385,4387.043094123884
6710000,3811.863423414297,3508.336119934743
6720000,3139.507227167106,4289.816764494888
6730000,4501.8066253788975,3461.605465291775
6740000,2991.4826809256247,2537.011456892937
6750000,5309.753728360696,4335.3510659221165
6760000,4411.089345714312,4489.186445705452
6770000,4501.475213700257,4758.475526056198
6780000,5081.650007760464,4716.093750481027
6790000,4852.4606069680285,7158.115280903794
6800000,5185.668450418726,3931.612119140412
6810000,4771.431168714747,5810.176568025439
6820000,5957.6692444320925,2928.723480717423
6830000,6326.695407219237,4292.427324067069
6840000,4862.4752627529215,4958.510029293854
6850000,5188.243247672624,5495.245724825692
6860000,5379.634168592823,4672.483977939718
6870000,5154.865642441064,5800.632603048726
6880000,5195.888507759488,5577.091455085962
6890000,3353.315862510967,6506.918880291676
6900000,4495.3954553283575,4626.15828648862
6910000,4495.528909649399,4357.325716517683
6920000,3827.201277987699,2416.469548559924
6930000,3691.758553608369,4759.974390851632
6940000,2138.2709732073445,4338.069967313209
6950000,4225.035802343866,3558.990114313303
6960000,3730.769178730856,3838.138115479632
6970000,5173.736418895823,4848.674713178304
6980000,4242.391087021848,3237.1995749601965
6990000,4567.7211740105,4600.939155731499
7000000,3684.824421701951,3638.004801979611
7010000,4764.693259799559,3665.1995806319455
7020000,3403.090074187244,4378.951379673149
7030000,3292.6802848964007,4203.028946666984
7040000,4486.325263901778,3137.968461717576
7050000,4807.975905969909,2770.150653430628
7060000,3805.1197397738943,4509.332098759227
7070000,5625.944535241925,5116.196705991345
7080000,4540.75070088226,4015.412515947294
7090000,4704.458013663367,6298.559327006681
7100000,7040.804148997622,4331.6297267353375
7110000,4065.224315341152,2437.8732918851847
7120000,6000.520469569061,3409.719554737537
7130000,5072.291665775921,4654.493634134835
7140000,5391.965637268693,4082.65114455928
7150000,4128.159032342066,4857.941537994337
7160000,4039.870353795829,5628.645780873123
7170000,4999.978479881129,3243.2950566826776
7180000,3624.43960747144,4813.666348284492
7190000,4826.878981786498,3303.587700691257
7200000,4188.477164554734,3673.342485743809
7210000,3231.9424829037025,3025.862225069909
7220000,3335.582862866716,3647.071768717168
7230000,5093.468743560289,2201.112625109671
7240000,3869.229031839821,4139.524487238449
7250000,4384.039309393493,5116.175019252347
7260000,4321.819754140503,3510.194310597543
7270000,5532.779893932098,4529.775375609113
7280000,4459.627121765035,5853.657666348408
7290000,4592.34552219953,3527.3416682242487
7300000,4452.672140972063,5881.427387926225
7310000,4764.640571421185,4955.348667325486
7320000,4780.303904827899,4374.418276306317
7330000,4722.565994750649,3961.6559594460814
7340000,3815.95402810053,4173.617045772657
7350000,2778.868799154859,3179.783417643738
7360000,2637.8241517653923,2507.573427365281
7370000,4914.47216752573,5334.300985894345
7380000,4575.559493946055,4137.3700723594775
7390000,5134.004516018829,5989.881386702526
7400000,2919.829517134772,3724.313008758405
7410000,3868.905559500073,4178.513573935804
7420000,5058.255841738958,6236.554516480754
7430000,5922.583537221887,2994.0474926061947
7440000,4464.942678846521,4803.516004270835
7450000,5467.404982033162,6383.360136871263
7460000,3303.0829249768744,4553.141940349425
7470000,5552.2538667583085,2285.2823075184847
7480000,3596.8998626815546,3341.2165753062063
7490000,4890.355386418893,4453.172856721539
7500000,5649.458060408191,4102.175666014438
7510000,2379.401386605523,4388.452053445244
7520000,4304.311385140887,2722.322634554439
7530000,6499.51566179062,6363.410838711047
7540000,4835.644013867684,5611.721548781919
7550000,4790.496339229541,3921.51024324292
7560000,2873.772087430249,2019.5832527355144
7570000,3637.867747913028,3519.836955127682
7580000,2632.010447218583,3378.07621881631
7590000,3863.593564711001,3320.2489440323056
7600000,2507.825118625433,3121.999453875362
7610000,2026.6956579078528,2255.359717338809
7620000,2512.1565790260174,4421.987973780755
7630000,2533.7804726522613,3361.571932997232
7640000,3010.4679493665803,3973.555669689412
7650000,4231.780718224724,3689.260179630579
7660000,4114.61671348149,5265.350250684986
7670000,3696.434904429578,4835.378566956263
7680000,4554.418862486195,4357.029514744842
7690000,4004.588180448823,3999.686258322609
7700000,3703.27291045146,4815.703202498694
7710000,4776.29501987264,4439.519939440613
7720000,3783.2174185433446,5414.904855195595
7730000,5987.795238437423,3881.2584003440047
7740000,5458.74692210437,5096.573593397096
7750000,5119.799780761774,4398.094932645249
7760000,4406.612340301874,4707.34240457413
7770000,4895.080089928776,4060.344898737341
7780000,3620.5115902803273,6415.563724754608
7790000,3086.358658065094,5156.236410081174
7800000,4121.05180774291,6697.383328644071
7810000,4842.940678673616,4562.755221392921
7820000,5533.400833100733,4990.75157191358
7830000,7007.131680907574,4014.5155413198736
7840000,3354.3229051109784,2888.858816288124
7850000,5471.235034627202,6033.430529778915
7860000,5861.189954806467,4101.432088181044
7870000,5723.311258874742,5745.010446077989
7880000,3442.662340673093,3400.4667504140552
7890000,5291.772449384956,4678.089524047586
7900000,4363.993209037702,3985.449848971568
7910000,1759.029857701485,2417.101638525276
7920000,1835.2396515209243,1636.8515252923924
7930000,4636.991261638616,3727.650279785451
7940000,3850.267856589443,777.8351367952827
7950000,1604.4875599729828,2773.9727846466003
7960000,1624.6636483555944,1684.5394035751451
7970000,941.0208507563154,1967.0333102139675
7980000,2197.629235435305,2611.154549755459
7990000,4195.578085170703,2391.602070374239
8000000,5106.145729415163,2481.870614632589
8010000,1908.8883458465853,3195.639499883848
8020000,1927.572837743214,3253.152914945017
8030000,3623.255396501312,4457.340762651505
8040000,4748.191603621696,5789.933166166362
8050000,4705.90174755008,4444.113662423972
8060000,4936.557863058858,4800.528153659288
8070000,5155.010032432247,5409.2426482679175
8080000,4397.596753025418,6010.823155423849
8090000,4472.638231475327,5111.4493070005465
8100000,4006.148027504204,1855.712473552324
8110000,1537.4111840438968,2067.697013413878
8120000,2347.2357327121063,1447.3561739763932
8130000,2403.0709195977934,3157.031122433456
8140000,1996.050889592528,1323.1171663839996
8150000,528.1306455804812,781.198051624404
8160000,1980.9298988140204,1591.9651882878322
8170000,5186.232467952954,3772.2500008695015
8180000,4086.828841374672,5233.863861582994
8190000,3065.0702099561177,2376.5616435604047
8200000,4517.609707978147,5378.338152625274
8210000,4594.358474694525,4555.803823519327
8220000,2450.07290360054,5822.842773317928
8230000,4508.253324878679,4000.916275029968
8240000,3578.3511105348443,3853.968263859632
8250000,4330.938088748805,4631.841807077233
8260000,4242.287446259651,4269.203732676235
8270000,4996.888524525044,3665.4750382250704
8280000,4287.17960619344,4022.318789997177
8290000,5433.774840685743,4806.494530364422
8300000,5481.367501359468,5536.27386665538
8310000,3730.3725575297926,6542.178515932264
8320000,4812.854672597353,4468.927772058754
8330000,6157.321402919877,5304.978838506957
8340000,3752.8989414721495,2386.608995204901
8350000,3784.2778156127847,5657.126048939113
8360000,5219.3374673067,5431.045865575972
8370000,5207.764917351968,5811.526297429618
8380000,4535.372793883736,5737.042433083641
8390000,5386.522422501065,4982.0824011443065
8400000,5126.353709926994,5281.800523378141
8410000,4164.112982189097,5288.077257002058
8420000,4019.5989199089504,4538.388348524673
8430000,5215.971608606003,4205.584581062891
8440000,3749.03368433996,6057.775819646414
8450000,7231.799121569998,3621.694428849066
8460000,4856.460692316824,4760.312015898808
8470000,5119.67589729564,4617.352368435566
8480000,3781.655425298035,4832.3741882057575
8490000,4994.975273848711,5299.636133889666
8500000,3739.708736145748,5095.223077209155
8510000,3821.626147370536,4633.612418437654
8520000,3497.8674250779936,3644.3655326812222
8530000,2940.931339413685,2173.399935120825
8540000,2829.204144871818,3182.3922688750126
8550000,2946.5129170842847,4712.169258249649
8560000,3520.051458557304,5634.907927742277
8570000,4257.321717982484,3223.895400919261
8580000,5501.40804653748,4756.440011183758
8590000,4485.735924010695,3669.6216462680886
8600000,3621.445836082071,4926.90067261712
8610000,7140.379885228713,4267.698282999884
8620000,3514.7443544976304,5533.952136100927
8630000,4365.473134465924,5237.2323491961815
8640000,4515.113184789927,3387.430496910477
8650000,4712.19926754998,4733.743835782591
8660000,3213.502115706626,1978.258995937535
8670000,2618.7339923233594,3968.87820998816
8680000,2611.4646947139763,1721.7885400438488
8690000,4693.039735105116,4303.998933960861
8700000,5206.574599620182,4545.388191035755
8710000,4288.480434208654,4304.271265652145
8720000,2728.313012127462,4209.441644485853
8730000,2979.992603597433,3363.392399825871
8740000,3578.714589206435,5177.829531469184
8750000,3811.070563353283,3024.3700578534663
8760000,3855.876742172562,4325.94230107522
8770000,4005.3069883653775,5958.560914192441
8780000,3861.420031457342,5107.60753172736
8790000,3641.406863750736,3738.324965888812
8800000,2296.205169930935,3579.569685582371
8810000,1345.3067005451253,2175.7707493264384
8820000,687.2011300901144,1109.9317752050938
8830000,942.1685611938152,825.7270303347425
8840000,1409.340014780993,2326.885791020888
8850000,2213.1901487253485,1973.3563427583128
8860000,3299.5757700177223,3643.846907607705
8870000,3615.788857873082,3257.411983137208
8880000,6067.842148772714,3364.872607088941
8890000,3943.974735300794,5416.253428454788
8900000,3030.921055410051,4092.316026854736
8910000,5252.803051490901,3610.051606950608
8920000,3200.013663952994,3877.1745249976543
8930000,4485.944654130487,5510.104044387037
8940000,4518.968369635669,3833.896443169754
8950000,5170.262686327515,3573.8440851140085
8960000,4686.382742432967,5029.920932492948
8970000,2963.059297225344,5538.294165413643
8980000,3932.330429920356,4622.93310548159
8990000,4893.712560445243,4771.167904262889
9000000,5543.248272596197,4247.29928994586
9010000,5864.101076676904,4479.190372051548
9020000,4999.908589577286,6598.963161517326
9030000,2310.7239409432245,4127.685751595137
9040000,6317.258278964078,3667.9502685372377
9050000,5312.282264212226,5476.86151490492
9060000,5929.674733609767,5710.4809807965285
9070000,5430.427607483391,4113.066616245098
9080000,2834.095728088212,3883.46070598336
9090000,2823.24551867822,3371.808597374658
9100000,2339.2584441310405,421.8664324869849
9110000,1106.18697659517,2220.452600422959
9120000,4317.2640571890215,3033.7680294563697
9130000,3242.0700349869417,3478.073177724581
9140000,4961.814245097135,2749.67903545134
9150000,5094.064417224205,3068.4098572914136
9160000,3917.92028396028,3106.04338211909
9170000,4752.780783478986,6863.399879594059
9180000,3316.0934370139607,6572.674791173583
9190000,5299.378575920361,3451.3651360972813
9200000,3028.9404539819952,5657.851089164846
9210000,4335.048548829002,4562.813328664965
9220000,4636.220510445171,3305.8344875680195
9230000,4632.629028445806,4659.193238587271
9240000,4484.727506249126,4098.562128996882
9250000,5103.493982089189,4892.430404344888
9260000,3596.4199149699184,3748.414810760993
9270000,4254.260998959187,2438.314994846818
9280000,2908.108843007639,4282.971030297274
9290000,4982.302417952696,3363.713071628331
9300000,2946.8776970410136,3228.8257642656326
9310000,4344.356724083205,4799.317325177743
9320000,6185.2668144503,4769.186264687301
9330000,5032.680319482506,3849.721231593119
9340000,5473.710453697289,6248.820870616354
9350000,5465.940858430854,6287.018391376776
9360000,3998.132597445474,5348.463988457394
9370000,4960.052327248543,4898.6710919124935
9380000,4814.603822448148,3555.2405814391204
9390000,5901.392065671005,3186.84910194791
9400000,5278.796432903235,5445.29175276053
9410000,5334.772418000365,6074.101849555831
9420000,5289.366679658826,4070.484314345831
9430000,2566.514818357873,4865.191515428451
9440000,5093.247186505314,5257.985399382805
9450000,5017.7996772391,3551.682222577201
9460000,3240.3000758940984,4925.594717986511
9470000,5056.044494136631,6110.130887459556
9480000,4547.5338490994345,6268.918540796627
9490000,5480.084155899471,6539.366501663828
9500000,5995.88735102257,5670.954036382717
9510000,3260.776718217001,5742.056074350364
9520000,3904.569416289677,3756.7614837614287
9530000,1321.2293364021702,1925.48766685307
9540000,366.3567086137008,580.3042753778061
9550000,1034.386726114887,1949.0723629418503
9560000,1252.3584611959438,1624.8249356036429
9570000,918.5340180043332,1190.4514214167468
9580000,2969.396211861788,2691.2623291142854
9590000,4720.031243156635,1838.2942002423588
9600000,2327.7798238128034,3763.077722306946
9610000,3900.526416647741,2444.181700131588
9620000,2482.509109827962,2404.1161872124767
9630000,3262.6158858910085,2488.563030760845
9640000,5532.061825897601,3749.644888754746
9650000,3602.777465764897,3938.397027389488
9660000,2671.9862945451505,4735.295707483613
9670000,2164.7397767735,1889.31029457932
9680000,2114.881071204838,2923.0915569061253
9690000,3291.2546028043894,4111.982864849551
9700000,2384.111306500233,3479.2887067336787
9710000,3647.556470874106,3473.9656237584377
9720000,2955.558771843197,5121.670742871211
9730000,4258.441514252872,5643.288962540274
9740000,6245.560392370007,3012.949747318197
9750000,4836.127696176,4955.163500364391
9760000,3897.777251737252,4592.638323435959
9770000,3956.573614134452,3708.056344114775
9780000,4641.729604281013,4570.233832958074
9790000,4556.905098644863,4365.133038670866
9800000,4405.908935749317,5782.943634893034
9810000,4422.42577754229,6068.499447166662
9820000,4375.038631550574,4749.600968877596
9830000,4536.028994533857,5565.37504725498
9840000,3155.113782848104,3446.2692334363483
9850000,4428.130103996073,3131.4104476941766
9860000,4377.084382065171,2322.0087902017867
9870000,3165.837277620141,2650.5485882797097
9880000,5041.323123862183,5189.764713622145
9890000,5043.997426503458,3805.9720483721953
9900000,3770.474883791691,4350.759758259159
9910000,3060.5902347838714,2874.4307634385377
9920000,4144.490844950507,3771.576743915108
9930000,4824.029162813838,7085.914001228384
9940000,4058.223585605226,4149.156340176035
9950000,6972.824469367294,5614.674456628279
9960000,3964.340344357958,3537.171415850729
9970000,4758.3565033772265,7066.978396412042
9980000,4998.576088237083,4379.437149605826
9990000,6643.212868740588,4202.061512133236
10000000,5563.64076133668,3494.9752591353536
